distance_rmse,speed_difference_rmse,direction_difference_rmse
1.1437793388917958,0.28015282476278996,51.93267620056901
