distance_rmse,speed_difference_rmse,direction_difference_rmse
2.603524597331095,0.23574264090017574,39.67008984524749
