distance_rmse,speed_difference_rmse,direction_difference_rmse
4.204405368481263,0.24321510654353384,53.421294272975906
